Kategorie;Unterkategorie;Altersgruppe;Produkttyp;Beispielprodukt (Quelle);Keyword-Hypothese (ungeprüft, kein Suchvolumen);Headline;Kurztext
Kinder-Spielplatz;Indoor;bis 3 Jahre;Kletterdreieck mit Rutsche;Kids Woody Star Kletterdreieck mit Rutsche und Sprossenleiter (kita.de, Anbieter: ab 1 Jahr);pikler dreieck mit rutsche;Pikler-Dreieck mit Rutsche für Kleinkinder;Klappbar und platzsparend. Die Rutsche hat einen seitlichen Sicherheitsrand. Ideal für drinnen.
Kinder-Spielplatz;Indoor;bis 3 Jahre;Kletterdreieck ohne Rutsche;TP Toys Active Tots Holz-Kletterdreieck (kita.de);pikler dreieck indoor;Kletterdreieck für drinnen: erste Schritte in Balance;Konzentriert auf Klettern und Gleichgewicht. Klappbar für Kinderzimmer oder Spielecke.
Kinder-Spielplatz;Indoor;bis 3 Jahre;Rutschbrett für Kleinkinder;Rutsche Kleinkind Indoor (Produkttyp, Modell offen);indoor rutsche kleinkind;Erste Rutschabenteuer drinnen;Kurze Rutschfläche für Kleinkinder, passt an Kletterdreiecke und Spielgerüste.
Kinder-Spielplatz;Indoor;bis 7 Jahre;BioKinder Noah Rutsche (Zubehör Spielturm);BioKinder Noah Rutsche zum Spielturm (180 cm, Massivholz Kiefer; nur mit Noah-Spielturm und Noah-Bett nutzbar; Quelle: bio-kinder.de);noah rutsche spielturm;Noah Rutsche für den Indoor-Spielplatz;Massivholz-Rutsche mit 180 cm Länge, passend zum Noah-Spielturm und Noah-Bett. Ohne Turm und Bett nicht nutzbar.
Kinder-Spielplatz;Indoor;bis 10 Jahre;BioKinder Noah Rutsche (Zubehör Spielturm);BioKinder Noah Rutsche zum Spielturm (180 cm, Massivholz Kiefer; nur mit Noah-Spielturm und Noah-Bett nutzbar; Quelle: bio-kinder.de);noah rutsche spielturm;Noah Rutsche für den Indoor-Spielplatz;Massivholz-Rutsche mit 180 cm Länge, passend zum Noah-Spielturm und Noah-Bett. Ohne Turm und Bett nicht nutzbar.
Kinder-Spielplatz;Indoor;bis 7 Jahre;Kletterwand;Kletterwand Holz Kinderzimmer (Produkttyp, Modell offen);kletterwand kinderzimmer;Kletterwand fürs Kinderzimmer;Mehr Bewegung drinnen, auch bei Regen.
Kinder-Spielplatz;Indoor;bis 7 Jahre;Sprossenwand;Sprossenwand Holz Kinder (Produkttyp, Modell offen);sprossenwand kinder;Sprossenwand für Kraft und Koordination;Klassische Sprossen zum Klettern und Hangeln.
Kinder-Spielplatz;Indoor;bis 7 Jahre;Deckenschaukel;Indoor-Schaukel für die Decke (Produkttyp, Modell offen);indoor schaukel decke kinder;Deckenschaukel für drinnen;Montage an der Decke, kein Bodenplatz nötig.
Kinder-Spielplatz;Indoor;bis 7 Jahre;Deckentuch;Kletter- oder Schaukeltuch für die Decke (Produkttyp, Modell offen);deckentuch kinder schaukeln;Deckentuch zum Schaukeln und Verstecken;Zum Schaukeln, Klettern und Verstecken.
Kinder-Spielplatz;Indoor;bis 10 Jahre;Kletterhaken für die Decke;Kletterhaken Decke mit Seil (Produkttyp, Modell offen);kletterhaken decke kinder;Kletterhaken für die Decke: Montage in Minuten;Für Seile, Ringe und Schaukeln. Vor dem Kauf Deckenstatik prüfen.
Kinder-Spielplatz;Indoor;bis 7 Jahre;Spielhöhle;Spielhöhle Indoor (Produkttyp, Modell offen);spielhöhle kinder indoor;Spielhöhle fürs Kinderzimmer;Rückzugsort für Fantasiespiele.
Kinder-Spielplatz;Indoor;bis 3 Jahre;Schutzmatte;Gummimatte als Unterlage (Produkttyp, Modell offen);gummimatte spielplatz unterlage;Gummimatten als Sturzschutz;Dämpfende Unterlage unter Kletter- und Rutschgeräten.
Kinder-Spielplatz;Outdoor;bis 7 Jahre;Spielturm mit Rutsche;Swing King Kinderspielturm Noa (Bauhaus, Hersteller: 3–10 Jahre, 175 cm Rutsche);spielturm mit rutsche;Spielturm mit Rutsche für den Garten;Holzspielturm mit Rutsche, Schaukeln und Handgriffen. Mit Bodenankern.
Kinder-Spielplatz;Outdoor;bis 10 Jahre;Spielturm mit Doppelschaukel und Kletterwand;PolarPlay Spielturm Björn (OBI, 799 €);spielturm mit schaukel und kletterwand;Spielturm mit Schaukel und Kletterwand;Stabile Holzkonstruktion mit Aufstiegsleiter und Wellenrutsche.
Kinder-Spielplatz;Outdoor;bis 10 Jahre;Spielturm aus Zedernholz;Spielturm Northbrook (OBI, Zedernholz mit Kletterwand);spielturm zedernholz;Spielturm aus Zedernholz für den Garten;Rutsche, Schaukel und Kletterwand aus Zedernholz.
Kinder-Spielplatz;Outdoor;bis 7 Jahre;Gartenschaukel;Gartenschaukel Kinder (Produkttyp, Modell offen);schaukel garten kinder;Gartenschaukel für kleine Kinder;Schaukel für den Garten, auch für kleine Kinder geeignet.
Kinder-Spielplatz;Outdoor;bis 7 Jahre;Sandkasten;Sandkasten mit Deckel (Produkttyp, Modell offen);sandkasten mit deckel;Sandkasten mit Deckel für den Garten;Mit Deckel gegen Verschmutzung und Katzen.
Kinder-Spielplatz;Outdoor;bis 10 Jahre;Seilbahn;Seilbahn Garten Kinder (Produkttyp, Modell offen);seilbahn garten kinder;Seilbahn für den Garten;Rasante Fahrt zwischen zwei Bäumen oder Pfosten.
Kinder-Spielplatz;Outdoor;bis 10 Jahre;Hüpfburg;Hüpfburg Garten (Produkttyp, Modell offen);hüpfburg garten;Hüpfburg für den Garten;Aufblasbar, für Geburtstage und Sommertage.
Kinder-Spielplatz;Outdoor;bis 7 Jahre;Aufblasbare Wasserrutsche;Aufblasbare Wasserrutsche Garten (Produkttyp, Modell offen);aufblasbare wasserrutsche garten;Wasserrutsche für den Sommer;Mit Wasseranschluss oder Gartenschlauch nutzbar.
Kinder-Spielplatz;Outdoor;bis 3 Jahre;Outdoor-Kletterdreieck;Giant bean 5-in-1 Kletterdreieck mit Bogen und Rutsche (kita.de Produkttest, Hauptempfehlung);pikler dreieck outdoor;Kletterdreieck für draußen;Auch für den Garten geeignet. Rutsche und Kletterseite in einem Set.
Spielezimmer;Bücherregale;bis 3 Jahre (Vorschlag, nicht belegt);Niedriges Kinderbücherregal;Produkttyp, Modell offen;kinder bücherregal;Bücherregal in Kinderhöhe;Niedrige Fächer, die Kinder selbst erreichen.
Spielezimmer;Bücherregale;bis 7 Jahre (Vorschlag, nicht belegt);Bücherregal mit Frontfächern;Produkttyp, Modell offen;kinder bücherregal;Bücherregal mit Frontfächern für Bilderbücher;Cover zeigen Bilderbücher, damit Kinder selbst auswählen.
Spielezimmer;Schränke;bis 7 Jahre (Vorschlag, nicht belegt);Kinderschrank mit Stauraum;Produkttyp, Modell offen;kinderschrank;Kinderschrank mit viel Stauraum;Kleiderschrank oder Spielzeugschrank mit Fächern und Stange.
Spielezimmer;Schränke;bis 10 Jahre (Vorschlag, nicht belegt);Spielzeugschrank mit Klappe;Produkttyp, Modell offen;spielzeugschrank kinder;Spielzeugschrank mit Klappe;Klappe und Fächer für Bausteine, Puzzles und Brettspiele.
Spielezimmer;Kindertische und Stühle;bis 3 Jahre (Vorschlag, nicht belegt);Kindersitzgruppe für Kleinkinder;Produkttyp, Modell offen;kindertisch und stuhl set kleinkind;Kindersitzgruppe für Kleinkinder;Niedriger Tisch mit Stühlen für Malen, Basteln und Essen.
Spielezimmer;Kindertische und Stühle;bis 7 Jahre (Vorschlag, nicht belegt);Kindertisch mit Stühlen;Produkttyp, Modell offen;kindertisch mit stühlen;Kindertisch mit zwei Stühlen;Für Malen, Spielen und Basteln im Kinderzimmer.
Spielezimmer;Kindertische und Stühle;bis 10 Jahre (Vorschlag, nicht belegt);Höhenverstellbarer Kinderschreibtisch;Produkttyp, Modell offen;kinderschreibtisch höhenverstellbar;Schreibtisch, der mitwächst;Höhenverstellbar, für Hausaufgaben und Lesen.
Spielezimmer;Teppiche;bis 3 Jahre (Vorschlag, nicht belegt);Spielteppich für Kleinkinder;Produkttyp, Modell offen;spielteppich kinderzimmer;Spielteppich für Krabbler;Weich und rutschfest, als Spielfläche am Boden.
Spielezimmer;Teppiche;bis 7 Jahre (Vorschlag, nicht belegt);Spielteppich mit Straßen-Motiv;Produkttyp, Modell offen;spielteppich kinder straße;Spielteppich mit Straßen-Motiv;Für Autos und Bauspiele, mit Motiv zum Mitspielen.
Spielezimmer;Sideboards;bis 10 Jahre (Vorschlag, nicht belegt);Sideboard für Spielzeug;Produkttyp, Modell offen;sideboard kinderzimmer;Sideboard für Spielzeug und Aufbewahrung;Flache Kommode mit Türen und Fächern für Spielsachen.
